dutyAddr,dutyMapimg,dutyName,dutyTel1,dutyTime1c,dutyTime1s,dutyTime2c,dutyTime2s,dutyTime3c,dutyTime3s,dutyTime4c,dutyTime4s,dutyTime5c,dutyTime5s,dutyTime6c,dutyTime6s,hpid,postCdn1,postCdn2,rnum,Lat,Lon
서울특별시 강남구 헌릉로571길 7, 강남레체 1층 101호 (세곡동),100세건강약국,02-445-1460,2000,900,2000,900,2000,900,2000,900,2000,900,1700,900,C1109587,63,76,1,37.46604487,127.1013669
서울특별시 강남구 강남대로 624, ICT TOWER 1층 일부호 (신사동),1층엔약국,02-518-3014,2000,800,2000,800,2000,800,2000,800,2000,800,1800,900,C1108823,60,35,2,37.5174747,127.0195102
서울특별시 강남구 선릉로 324, SH타워 5층 (대치동),5층약국,02-508-5030,1930,830,2030,830,1930,830,2030,830,2030,830,1600,830,C1109562,62,5,3,37.49853038,127.0520942
서울특별시 강남구 테헤란로78길 8,(대치동),7층애약국,02-567-0409,1900,1000,1900,1000,1900,1000,1900,1000,1900,1000,1900,1000,C1100086,61,94,4,37.50562628,127.0552145
서울특별시 강남구 일원로 53 (일원동) ,소림빌딩 1층,E-삼성약국,02-3412-1254,1900,900,1900,900,1900,900,1900,900,1900,900,1300,900,C1104799,63,43,5,37.489263,127.0818109
서울특별시 강남구 압구정로 108 (신사동) 1층 7호,2014.03 개업,가로수길약국,02-518-4201,2000,930,2000,930,2000,930,2000,930,2000,930,1800,930,C1106934,60,28,6,37.52291865,127.0205796
서울특별시 강남구 학동로 413, 청담빌딩 2층 (청담동),가온약국,02-545-0546,1830,830,1830,830,1830,830,1830,830,1830,830,1400,830,C1108049,60,69,7,37.51817613,127.0451744
서울특별시 강남구 압구정로 336  (신사동),감마약국,감마약국,02-547-8990,2100,900,2100,900,2100,900,2100,900,2100,900,2000,900,C1102142,60,18,8,37.52802105,127.0384784
서울특별시 강남구 학동로 지하 346, 강남구청역 B1층 111호 (삼성동),강남구청역약국,02-511-6252,2100,800,2100,800,2100,800,2100,800,2100,800,1700,900,C1109043,60,99,9,37.51718924,127.0413014
서울특별시 강남구 남부순환로 2615 (도곡동) 극동스타클래스208호,강남굿모닝약국,강남굿모닝약국,02-529-4155,2000,940,2000,940,2000,940,2000,940,2000,940,2000,940,C1107162,62,67,10,37.4851917,127.0358695
서울특별시 강동구 천호대로 1006, 브라운스톤천호 105호 (성내동),1층천호약국,02-478-1178,1930,1000,1930,1000,1930,1000,1930,1000,1930,1000,1530,1000,C1108656,53,78,1,37.5380514,127.123789
서울특별시 강동구 진황도로 179, 1층 (둔촌동),7형제약국,02-478-9855,2200,900,2200,900,2200,900,2200,900,2200,900,2200,900,C1102839,53,65,2,37.52939624,127.1429696
서울특별시 강동구 동남로 891, 현대델리안오피스텔 102호 (명일동),가까운단골약국,02-441-8855,1900,900,1900,900,1900,900,1900,900,1900,900,1330,900,C1107902,52,69,3,37.55331812,127.1559484
서울특별시 강동구 양재대로 1576, 삼익빌딩 1층 (명일동),가까운사랑약국,02-428-4428,2030,900,2030,900,2030,900,2030,900,2030,900,1800,900,C1108593,52,96,4,37.54616201,127.1434543
서울특별시 강동구 양재대로 1355,강남약국,강남약국,02-486-7823,2100,900,2100,900,2100,900,2100,900,2100,900,1900,900,C1101935,54,4,5,37.5276135,127.135744
서울특별시 강동구 양재대로 1465, 마루홈타운 107호 (길동),강동더본약국,02-477-8280,2030,830,2030,830,2030,830,2030,830,2030,830,1930,830,C1108720,53,53,6,37.53683992,127.1393143
서울특별시 강동구 올림픽로 686,천호동친구병원(구강돌가톨릭병원)정문옆,강동메디칼약국,02-483-0108,2100,830,2100,830,2100,830,2100,830,2100,830,1300,900,C1101883,53,27,7,37.54250239,127.1250257
서울특별시 강동구 올림픽로 782,강동미래약국,강동미래약국,02-442-6263,1930,900,1930,900,1930,900,1930,900,1930,900,1700,900,C1101884,52,64,8,37.550936,127.1281132
서울특별시 강동구 성내로 40  (성내동),강동보건약국,강동보건약국,02-488-4100,1900,900,1900,900,1900,900,1900,900,1900,900,1500,900,C1101885,53,99,9,37.52881493,127.1246185
"서울특별시 강동구 동남로73길 13, 1층 (명일동)",강동새경희약국,02-3428-0100,1900,900,1900,900,1900,900,1900,900,1900,900,1600,900,C1108330,52,69,10,37.55274212,127.1554628
"서울특별시 강북구 도봉로 339, 1층 (수유동),7번약국,02-904-7773,2500,900,2500,900,2500,900,2500,900,2500,900,2500,900,C1108353,10,74,1,37.6382557,127.0254877
"서울특별시 강북구 솔샘로 184, 에스케이북한산시티 112~113호 (미아동)",SK온누리약국,02-983-8895,2100,830,2100,830,2100,830,2100,830,2100,830,1700,830,C1103262,11,92,2,37.61995692,127.0128495
서울특별시 강북구 한천로132길 28 (번동),가까운현대약국,가까운현대약국,02-6405-5452,2100,900,2100,900,2100,900,2100,900,2100,900,1500,900,C1108936,10,58,3,37.63997965,127.0293418
서울특별시 강북구 오패산로52길 39 (미아동),미아삼거리역마을버스5분거리,가족사랑약국,02-945-3720,1700,900,1700,900,1700,900,1700,900,1700,900,1230,900,C1103520,11,52,4,37.6246969,127.0320793
"서울특별시 강북구 도봉로49길 8, 1층 (미아동)",강북김약국,02-980-1717,2000,900,2000,900,2000,900,2000,900,2000,900,1500,900,C1108680,11,70,5,37.62527555,127.0259544
서울특별시 강북구 도봉로 79 (미아동),삼양사거리에서삼양동방면,강북다모아약국,02-945-2088,1900,900,1900,900,1900,900,1900,900,1900,900,1600,900,C1103266,12,5,6,37.61631842,127.0295433
서울특별시 강북구 도봉로 190 (미아동),미아역4번출구앞,강북메디칼약국,02-981-9512,1930,900,1930,900,1930,900,1930,900,1930,900,1630,900,C1101898,11,57,7,37.62585141,127.0267738
"서울특별시 강북구 한천로 1081, 1층 (수유동)",강북우리약국,02-900-8345,2100,900,2100,900,2100,900,2100,900,2100,900,1800,900,C1108406,10,70,8,37.64247283,127.0229692
"서울특별시 강북구 도봉로37길 7, 1층 (미아동)",강북제일약국,02-985-3116,2000,900,2000,900,2000,900,2000,900,2000,900,1600,900,C1103420,11,75,9,37.62230428,127.0271044
서울특별시 강북구 솔매로 59 (미아동),삼양제일내과1층",건강비타민약국,02-984-4777,2100,900,2100,900,2100,900,2100,900,2100,900,1600,900,C1103955,11,27,10,37.62499151,127.0188123
"서울특별시 강서구 화곡로 173 ,청도빌딩 1층,21C세계로약국,02-2607-0624,2000,900,2000,900,2000,900,2000,900,2000,900,1600,900,C1104730,77,2,1,37.54204763,126.8407529
"서울특별시 강서구 강서로 43, B104호 (화곡동 도양라비앙타워)",365그린약국,02-2602-8006,2200,900,2200,900,2200,900,2200,900,2200,900,1700,900,C1103638,77,74,2,37.5315208,126.8465317
"서울특별시 강서구 공항대로41길 52, 버들빌딩 1층 (등촌동)",365열린약국,02-3661-3650,2500,830,2500,830,2500,830,2500,830,2500,830,2500,900,C1109578,75,87,3,37.56004526,126.8462093
서울특별시 강서구 화곡로61길 26 (등촌동),강서구청4거리롯데캐슬아파트맞은편부민병원응급실및주차타워앞,SooPharm수약국,02-2659-0053,2000,900,2000,900,2000,900,2000,900,2000,900,1800,900,C1103889,75,90,4,37.55729052,126.850985
"서울특별시 강서구 공항대로 지하 267, 발산역(5호선) 505-106호 (마곡동)",가고싶은이화사랑약국,02-3663-6922,1800,900,1800,900,1800,900,1800,900,1800,900,1200,930,C1109293,78,3,5,37.55902927,126.8373108
서울특별시 강서구 공항대로 426  (화곡동),가까운약국,가까운약국,02-2697-7796,1830,900,1830,900,1830,900,1830,900,1830,900,1600,900,C1102125,76,54,6,37.55479707,126.8542313
"서울특별시 강서구 마곡중앙4로 74, 106~107호 (마곡동)",가까운중앙약국,02-2662-3675,1830,830,1830,830,1830,830,1830,830,1830,830,1300,900,C1108400,78,5,7,37.55788637,126.83492
"서울특별시 강서구 공항대로36길 9, 1층 (내발산동)",가까운천사약국,02-2662-0266,1830,830,1830,830,1830,830,1830,830,1830,830,1330,900,C1108270,76,32,8,37.55811695,126.8374637
"서울특별시 강서구 허준로 198, 가양프라자 1층 104-105호 (가양동)",가양누리약국,02-3663-8013,1930,900,1930,900,1930,900,2000,900,1930,900,1600,900,C1108835,75,32,9,37.56129159,126.8602541
서울특별시 강서구 양천로57길 13,씨드가양플라자 302호,가양메디칼약국,02-3661-3055,1830,815,1830,815,1830,815,1830,815,1830,815,1600,815,C1102136,75,27,10,37.56360237,126.8520272
서울특별시 관악구 남부순환로 1832 1층,1번약국,1번약국,02-872-7583,1900,900,1900,900,1900,900,1900,900,1900,900,1700,900,C1104416,87,88,1,37.48070457,126.9534959
서울특별시 관악구 신림로 370,신림역7번출구전방250m,21세기약국,02-888-2272,1900,900,1900,900,1900,900,1900,900,1900,900,1500,900,C1102118,87,53,2,37.48729928,126.9291119
서울특별시 관악구 남부순환로 1615  (신림동),신림역8번출구바로앞,365열린약국,02-874-2332,2300,900,2300,900,2300,900,2300,900,2300,900,2300,900,C1102838,87,54,3,37.48455656,126.9300888
"서울특별시 관악구 관악로 195, 4층 408호 (봉천동 관악위버폴리스)",4층다나약국,02-878-9529,1830,900,1830,900,1830,900,1830,1400,1830,900,1300,900,C1109363,87,45,4,37.48256382,126.9530987
"서울특별시 관악구 신림로 350, 5층 (신림동 서원프라자 태영아파트)",5층엔약국,02-877-3080,1830,830,1830,830,1830,830,1830,830,1830,830,1400,830,C1109365,87,54,5,37.48550722,126.9299488
"서울특별시 관악구 양녕로 46, 112호 (봉천동 메카플러스)",가까운약국,02-883-7266,2100,830,2100,830,2100,830,2100,830,2100,830,1800,830,C1107473,87,47,6,37.48614045,126.9472874
서울특별시 관악구 봉천로 486,서울대입구전철역8번출구,가은약국,02-878-9669,2100,900,2100,900,2100,900,2100,900,2100,900,2100,900,C1102190,87,38,7,37.48162829,126.953733
"서울특별시 관악구 대학길 36, (신림동)",강원약국,02-874-4575,2130,900,2130,900,2130,900,2130,900,2130,900,2130,900,C1104257,88,13,8,37.46912466,126.9375731
"서울특별시 관악구 남부순환로 1539, (신림동)",건강약국,02-855-2883,2200,900,2200,900,2200,900,2200,900,2200,900,2200,900,C1103329,87,63,9,37.48340063,126.9215875
"서울특별시 관악구 남부순환로 1715, 101호 (봉천동신우빌딩)",건강온누리약국,070-7740-3349,2100,900,2100,900,2100,900,2100,900,2100,900,1600,900,C1107773,87,57,10,37.48303795,126.9408901
"서울특별시 광진구 용마산로 49, (중곡동)",21세기약국,02-2201-9469,1800,1000,1800,1000,1800,1000,1800,1000,1800,1000,1300,1000,C1102120,49,23,1,37.55796921,127.0876806
서울특별시 광진구 광나루로56길 63 (구의동) 프라임프라자상가 1층,강변역1번출구프라림프라자135호,강변그랜드약국,02-447-4842,2100,830,2100,830,2100,830,2100,830,2100,830,1800,830,C1101896,51,19,2,37.53678915,127.0961598
"서울특별시 광진구 광나루로 410 105호 (화양동, KCC파크타운)",건대가온약국,02-453-4669,2300,900,2300,900,2300,900,2300,900,2300,900,2300,900,C1107781,50,21,3,37.54656048,127.0750477
"서울특별시 광진구 아차산로 244, 1층 나1호 일부호 (자양동)",건대애플약국,02-463-1020,2030,900,2030,900,2030,900,2030,900,2030,900,2030,900,C1109512,50,73,4,37.53973055,127.0702007
서울특별시 광진구 아차산로 218 (자양동),건대역약국,건대역약국,02-497-4337,2200,800,2200,800,2200,800,2200,800,2200,800,2200,800,C1102919,50,72,5,37.54075634,127.0674076
"서울특별시 광진구 능동로 110, 스타시티영존 지하2층 B203-1 204호 (화양동)",건대온누리약국,02-457-7999,1830,830,1830,830,1830,830,1830,830,1830,830,1300,830,C1108413,50,30,6,37.54065938,127.0714119
"서울특별시 광진구 능동로 지하110, 7호선 건대입구역 지하2층 201호 (화양동)",건대지하철약국,02-461-1401,1830,800,1830,800,1830,800,1830,800,1830,800,1300,830,C1102920,50,30,7,37.54084161,127.0710464
"서울특별시 광진구 구의로 7, 1층 2호 (구의동)",고약국,02-457-6159,2100,900,2100,900,2100,900,2100,900,2100,900,2100,900,C1109513,50,44,8,37.53860554,127.0890693
"서울특별시 광진구 면목로 130, 1층 (중곡동)",광제사약국,02-464-1832,2100,900,2100,900,2100,900,2100,900,2100,900,2000,900,C1102938,49,10,9,37.56498215,127.0809199
서울특별시 광진구 자양로 43  (자양동),구의역4번출구잠실대교방향300m,광진백화점약국,02-457-7873,1800,900,1800,900,1800,900,1800,900,1800,900,1300,900,C1103276,51,3,10,37.53163161,127.0853421
서울특별시 구로구 구로동로 132 (구로동),구로4동우체국옆,1번약국,02-851-1155,1900,830,1900,830,1900,830,1900,830,1900,830,1700,900,C1102116,83,11,1,37.49042029,126.884202
"서울특별시 구로구 남부순환로97길 3, KS프리미어빌딩 105호 (개봉동)",365열린약국,02-3666-0784,2230,830,2230,830,2230,830,2230,830,2230,830,2230,830,C1108637,83,28,2,37.49399577,126.8582551
"서울특별시 구로구 구로동로42길 58(구로동)",구로변전소앞,505약국,02-856-5050,1830,900,1830,900,1830,900,1830,900,1830,900,1800,900,C1102124,82,80,3,37.49817617,126.8842081
"서울특별시 구로구 디지털로26길 38, G-Tower 2층 208호 (구로동)",G타워약국,02-6077-3924,1930,930,1930,930,1930,930,1930,930,1930,930,1930,930,C1109493,83,93,4,37.4798477,126.8953185
서울특별시 구로구 디지털로 227 (가리봉동),W스토아청와약국,W스토아청와약국,02-855-1482,2300,830,2300,830,2300,830,2300,830,2300,830,2300,830,C1104869,83,88,5,37.48046153,126.890906
"서울특별시 구로구 경인로40길 12, GB빌딩 1층 (개봉동)",가람약국,02-2614-7645,2100,900,1900,900,1900,900,1900,900,1900,900,1400,900,C1109499,82,77,6,37.4962642,126.8591313
서울특별시 구로구 고척로 123-1 (개봉동),구103-1번버스종점,개봉지예당약국,02-2681-0292,2030,830,2030,830,2030,830,2030,830,2030,830,2030,830,C1103013,82,47,7,37.50222854,126.8478205
"서울특별시 구로구 경인로 176, 308호 (오류동 시티월드)",개성약국,02-2615-1862,1800,900,1800,900,1800,900,1800,900,1800,900,1300,900,C1104117,82,71,8,37.49435978,126.8410487
서울특별시 구로구 경인로 661  (신도림동),"신도림1차푸르지오219 237호",건강샘온누리약국,02-3439-8373,1930,930,1930,930,1930,930,1930,930,1930,930,1630,930,C1102052,82,8,9,37.50904858,126.8869872
서울특별시 구로구 고척로21나길 18 (개봉동),개봉중학교근처,건강온누리약국,02-2625-3337,2100,900,2100,900,2100,900,2100,900,2100,900,2100,900,C1102063,152,802,10,37.50286592,126.8446752
"서울특별시 금천구 시흥대로 214, 비즈메드빌딩 1층 102호 (시흥동)",1층메디컬약국,02-891-1112,2000,900,2000,900,2000,900,2030,900,2000,900,1530,900,C1109171,86,28,1,37.45304289,126.9017122
"서울특별시 금천구 시흥대로62길 29, 1층 (시흥동)",365그랜드약국,02-896-1223,2130,930,2130,930,2130,930,2130,930,2130,930,2130,930,C1109521,86,26,2,37.45588019,126.9017245
"서울특별시 금천구 독산로 133, 1층 (시흥동)",가까운약국,02-802-7779,1900,800,1900,800,1900,800,1900,800,1900,800,1430,800,C1109519,86,22,3,37.45918029,126.9048737
"서울특별시 금천구 가산디지털1로 171,가산 에스케이 브이원 센터 1층 117호 (가산동)",가디온누리약국,02-6674-5544,1900,830,1900,830,1900,830,1900,830,1900,830,1000,900,C1108322,85,3,4,37.480791,126.8812547
"서울특별시 금천구 가산디지털1로 5, 대륭테크노타운 20차 107호 (가산동)",가람약국,02-2225-0048,2000,800,2000,800,2000,800,2000,800,2000,800,1230,1230,C1108810,85,94,5,37.46674548,126.8867188
"서울특별시 금천구 디지털로9길 68, 대륭포스트타워 5차 1층 106호 (가산동)",가산소중한약국,02-3281-8005,1830,800,1830,800,1830,800,1830,800,1830,800,1330,800,C1108554,85,12,6,37.4810772,126.8864188
서울특별시 금천구 가산로 116 (가산동),가산약국,가산약국,02-838-1158,2200,830,2200,830,2200,830,2200,830,2200,830,2200,830,C1104205,85,29,7,37.47608491,126.8931177
"서울특별시 금천구 남부순환로 1372 (독산동, 현경빌딩)",강남약국,02-851-1630,1800,900,1800,900,1800,900,1800,900,1800,900,1800,900,C1107458,85,37,8,37.47945973,126.9034751
서울특별시 금천구 시흥대로 391  (독산동),건강플러스약국,건강플러스약국,02-890-8058,2200,1000,2200,1000,2200,1000,2200,1000,2200,1000,2200,1000,C1103687,85,84,9,37.46866368,126.8968873
서울특별시 금천구 남부순환로 1384,건강한약국,건강한약국,02-866-1191,2100,900,2100,900,2100,900,2100,900,2100,900,1600,900,C1102916,85,47,10,37.479724,126.9044544
"서울특별시 노원구 한글비석로 383, 1층 일부호 (중계동 삼창타워프라자)",1층호약국,02-933-9487,2000,900,2000,900,2000,900,2000,900,2000,900,1700,900,C1107724,16,99,1,37.65911341,127.0730755
서울특별시 노원구 동일로 1548 (상계동),마들역1번출구전방50m세일빌딩1층,21세기상계약국,02-937-2288,2100,800,2100,800,2100,800,2100,800,2100,800,2100,800,C1103965,16,74,2,37.66663705,127.0576358
"서울특별시 노원구 상계로 59, 동익빌딩 1층 7-8호 (상계동)",365정화약국,02-935-4869,2300,900,2300,900,2300,900,2300,900,2300,900,2300,900,C1108991,16,94,3,37.65616028,127.0615152
"서울특별시 노원구 동일로 1059, (공릉동)",튼튼약국,02-972-0246,2100,900,2100,900,2100,900,2100,900,2100,900,1600,900,C1104353,18,57,4,37.62454453,127.0729329
"서울특별시 노원구 덕릉로 662  (중계동, 주공3단지아파트)",the사랑약국,02-933-3678,2000,900,2000,900,2000,900,2000,900,2000,900,1700,900,C1107991,17,11,5,37.65609213,127.0749674
"서울특별시 노원구 한글비석로 242, 113호-114호 (중계동 삼부프라자)",건강과행복이열리는약국,02-933-9696,2000,900,2000,900,2000,900,2000,900,2000,900,2000,900,C1102082,17,34,6,37.6492349,127.0769736
"서울특별시 노원구 동일로243길 33, 1층 (상계동)",건강샘온누리약국,02-931-5688,2000,830,2000,830,2000,830,2000,830,2000,830,1600,830,C1107939,16,5,7,37.6784447,127.0531205
"서울특별시 노원구 화랑로 463, (공릉동)",건강약국,02-978-7597,1900,900,1900,900,1900,900,1900,900,1900,900,1600,900,C1102039,18,3,8,37.61899799,127.0786499
서울특별시 노원구 상계로1길 38 (상계동),4호선노원역9번출구에서100m 금문빌딩 102호,건강플러스약국,02-935-5347,2100,900,2100,900,2100,900,2100,900,2100,900,2200,900,C1102801,16,93,9,37.65770092,127.061703
"서울특별시 노원구 노해로 490, 길빌딩 1층 107호 (상계동)",건강한생활약국,02-6203-4900,1900,930,1900,930,1900,930,1900,930,1900,930,1600,930,C1109459,17,51,10,37.65440974,127.0624109
"서울특별시 도봉구 노해로65길 17-9, 102-103호 (창동 삼원프라자),가야온누리약국,02-997-4540,1800,800,1800,800,1800,800,1800,800,1800,800,1300,800,C1104582,14,5,1,37.65195175,127.0457494
"서울특별시 도봉구 도당로 109, 방학동상가주택 1층 102호 (방학동)",건강약국,02-3492-3588,2100,900,2100,900,2100,900,2100,900,2100,900,2100,900,C1102971,13,53,2,37.66683528,127.0386021
"서울특별시 도봉구 해등로 190 (쌍문동)",쌍문동 삼익세라믹 아파트 정문 길건너편 신원2차상가1층103호,건강제일녹십자약국,02-906-1024,1900,900,1900,900,1900,900,1900,900,1900,900,1900,900,C1102064,13,94,3,37.65825851,127.0356239
서울특별시 도봉구 도봉로 724,방학역1번출구앞,고명약국,02-3493-0343,2100,930,2100,930,2100,930,2100,930,2100,930,1800,930,C1101929,13,33,4,37.66903211,127.04384
"서울특별시 도봉구 덕릉로 238 1층 (창동)",창3동신창시장입구맞은편,금빛약국,02-903-6479,2030,900,2030,900,2030,900,2030,900,2030,900,1630,900,C1102047,14,73,5,37.63896291,127.0386565
"서울특별시 도봉구 방학로 223 101호 (방학동  사천목씨종친회관)",신동아프라자 101호,나진약국,02-3491-9158,1900,900,1900,900,1900,900,1900,900,1900,900,1900,900,C1101971,13,62,6,37.66132042,127.0274993
"서울특별시 도봉구 우이천로4길 32 1층 (창동)",창3동 신창동교회 옆,녹십자약국,02-992-9266,2100,900,2100,900,2100,900,2100,900,2100,900,1500,900,C1102797,14,82,7,37.63385445,127.0412157
"서울특별시 도봉구 해등로 255, 101동 207호 (쌍문동 에벤에셀)",뉴메디슨약국,02-991-5365,2030,830,2030,830,2030,830,2030,830,2030,830,2000,830,C1102683,14,29,8,37.65737396,127.0281914
"서울특별시 도봉구 덕릉로 236 1층 (창동)",창3동신창시장입구맞은편,뉴지명약국,02-993-2082,2000,900,2000,900,2000,900,2000,900,2000,900,2100,900,C1104405,14,73,9,37.63872869,127.0385476
"서울특별시 도봉구 도봉로 726 1층 (방학동)",늘기쁜약국,늘기쁜약국,02-955-9988,1800,900,1900,900,1900,900,1900,900,1900,900,1900,900,C1108054,13,33,10,37.66915401,127.0438467
"서울특별시 동대문구 전농로 60-1 1층 (답십리동)",365종로약국,365종로약국,02-2215-8704,2400,800,2400,800,2400,800,2400,800,2400,800,2400,800,C1107130,26,15,1,37.56827005,127.0572846
"서울특별시 동대문구 천호대로 133, 홈플러스 동대문점 지하2층 (용두동)",365플러스약국,02-963-0110,2200,1000,2200,1000,2200,1000,2200,1000,2200,1000,2200,1000,C1109430,25,65,2,37.57454832,127.0387678
"서울특별시 동대문구 천호대로 425, 4층 401호 (장안동)",4층현약국,02-2245-3015,1800,930,1800,930,1800,930,1800,930,1800,930,1400,930,C1103796,26,45,3,37.5618141,127.0664701
"서울특별시 동대문구 천호대로 313 10호, 11호 (답십리동 태영빌딩)",가까운약국,02-3394-4882,2000,900,2000,900,2000,900,2000,900,2000,900,1500,900,C1104769,26,22,4,37.56544547,127.0553084
"서울특별시 동대문구 한천로 242, 1층 (전농동)",감초당온누리약국,02-438-1314,2100,900,2100,900,2100,900,2100,900,2100,900,1600,900,C1100071,25,12,5,37.58249972,127.0686079
"서울특별시 동대문구 전농로 110 1층 (답십리동)",강북열린약국,강북열린약국,02-2248-5023,2000,830,2000,830,2000,830,2000,830,2000,830,1530,830,C1104652,25,38,6,37.57461442,127.0577239
"서울특별시 동대문구 왕산로 176 2층 (전농동)",창현빌딩2층,건강약국,02-2282-4830,2000,800,2000,800,2000,800,2000,800,2000,800,1500,800,C1102974,25,59,7,37.57916512,127.0429242
"서울특별시 동대문구 왕산로32길 7, 4층 6호 (용두동)",건강한약국,02-957-9784,1900,800,1900,800,1900,800,1900,800,1900,800,1500,800,C1107212,25,60,8,37.57872809,127.0417966
서울특별시 동대문구 약령중앙로 72-2 (제기동),건수당한약국,건수당한약국,02-966-6835,1900,900,1900,900,1900,900,1900,900,1900,900,1700,900,C1108205,24,78,9,37.58470485,127.0377015
"서울특별시 동대문구 약령서1길 30-2, 1층 (제기동)",경신당약국,02-964-6044,1730,930,1730,930,1730,930,1730,930,1730,930,1730,930,C1108168,25,69,10,37.57982545,127.0365126
"서울특별시 동작구 현충로 75, 원불교100년기념관 (흑석동)",2층은약국,02-6484-8248,1900,915,2100,915,1900,915,2100,915,2030,915,1500,915,C1108799,69,4,1,37.50975909,126.9638593
"서울특별시 동작구 등용로 115, 101호 (대방동 엘리시아빌딩)",가족건강약국,02-822-9095,2000,800,2000,800,2000,800,2000,800,2000,800,2000,900,C1107566,69,42,2,37.51144717,126.9317558
서울특별시 동작구 시흥대로 668-2 (신대방동),강림약국,강림약국,02-832-8975,2130,900,2130,900,2130,900,2130,900,2130,900,2130,900,C1104363,70,68,3,37.49106156,126.9085621
"서울특별시 동작구 서달로 158 (흑석동, 명수대상가104호) 명수대상가,강약국,02-816-8766,2100,900,2100,900,2100,900,2100,900,2100,900,1900,900,C1101991,69,79,4,37.50727658,126.9622651
"서울특별시 동작구 흑석로 106-5, 1층 (흑석동)",건강과행복이열리는중앙메디칼약국,02-811-1700,1830,830,1830,830,1830,830,1830,830,1830,830,1330,830,C1104841,69,72,5,37.50789262,126.9614595
서울특별시 동작구 만양로 5 (상도동),2014.04 개업,건강약국,02-3280-2828,2100,900,2100,900,2100,900,2100,900,2100,900,1530,930,C1106961,69,21,6,37.50538561,126.9465229
서울특별시 동작구 상도로 202 (상도동),동작구보건소입구(지하철장승배기역1번출구에서상도역쪽으로100m정도에위치함),건강온누리약국,02-815-1120,2100,800,2100,800,2100,800,2100,800,2100,800,2000,900,C1103196,69,64,7,37.50495053,126.9410855
"서울특별시 동작구 성대로 32 (상도동, 계령약국)",계령약국,02-822-8105,2000,930,1930,930,2000,930,2000,930,1900,930,2000,930,C1103002,70,42,8,37.49916539,126.9330246
서울특별시 동작구 사당로23길 185 (사당동),서울동작구사당3동175-24,고은약국,02-532-5384,2000,900,2000,900,2000,900,2000,900,2000,900,1500,900,C1101879,69,89,9,37.49041934,126.9706774
서울특별시 동작구 여의대방로36길 1 (대방동),대방동해군회관사거리성남중고방면,고은온누리약국,02-826-8347,2100,900,2100,900,2100,900,2100,900,2100,900,1900,900,C1104558,69,45,10,37.50425495,126.9223664
"서울특별시 마포구 월드컵북로 230, 201호 (중동 현대상가)",2층하늘약국,02-303-4290,1830,930,1830,930,1830,930,1830,930,1830,930,1400,930,C1104164,39,41,1,37.57014047,126.9038336
"서울특별시 마포구 백범로 199, 메트로디오빌빌딩 108호 (신공덕동)",365열린약국,02-6010-2720,2100,800,2100,800,2100,800,2100,800,2100,800,1700,800,C1109579,41,95,2,37.54350072,126.9528871
"서울특별시 마포구 월드컵북로 230, 305호 (중동 현대상가)",3층온누리약국,02-306-4743,1830,900,1830,900,1830,900,1830,900,1830,900,1500,900,C1107093,39,41,3,37.57015092,126.9038301
서울특별시 마포구 월드컵북로 361  (상암동),이안상암2단지 3층 302호,DMC하늘약국,02-483-1457,1930,930,1930,930,1930,930,1930,930,1930,930,1500,930,C1102944,39,8,4,37.57708841,126.8914183
"서울특별시 마포구 월드컵로3길 14, 220호 (합정동)",delight이화약국,02-332-3984,2100,900,2100,900,2100,900,2100,900,2100,900,2100,900,C1107943,40,24,5,37.55100941,126.9116485
"서울특별시 마포구 방울내로 70 (망원동)",건강약국,건강약국,02-333-2090,2100,900,2100,900,2100,900,2100,900,2100,900,1300,900,C1102053,39,64,6,37.56008493,126.9033168
"서울특별시 마포구 신촌로 지하 90, 신촌역 B1 240-107호 (노고산동)",고래약국,02-333-7967,2300,800,2300,800,2300,800,2300,800,2300,800,2300,900,C1109282,40,58,7,37.55544179,126.9361192
"서울특별시 마포구 백범로 212, 2층 (신공덕동 대우 월드마크마포)",공덕역마트약국,02-715-2483,2130,1000,2130,1000,2130,1000,2130,1000,2130,1000,2130,1000,C1108222,41,96,8,37.54243052,126.9533671
"서울특별시 마포구 새창로 11, 1층 (도화동)",공덕오거리약국,02-711-8411,2100,900,2100,900,2100,900,2100,900,2100,900,1600,900,C1108518,41,68,9,37.54246934,126.9513258
"서울특별시 마포구 만리재로 15, 제일빌딩 1층 19호 (공덕동)",공덕제일약국,02-707-1012,2000,900,2000,900,2000,900,2000,900,2000,900,1600,900,C1109287,42,14,10,37.54458493,126.9527677
"서울특별시 서대문구 성산로 515, 석란 1층 (대신동)",8번가위드팜약국,02-313-4588,1900,900,1900,900,1900,900,1900,900,1900,900,1400,900,C1108747,37,21,1,37.5630334,126.9433334
"서울특별시 서대문구 연세로 40, 1~4층 (창천동)",가까운신촌약국,02-362-1001,1900,900,1900,900,1900,900,1900,900,1900,900,1400,900,C1108766,37,76,2,37.55914978,126.9371728
서울특별시 서대문구 모래내로 364 (홍은동) ,2014.07 개업,가까운약국,02-394-7789,2100,900,2100,900,2100,900,2100,900,2100,900,1800,900,C1107045,36,53,3,37.58187549,126.93651
서울특별시 서대문구 모래내로 137 1층 (남가좌동),가좌진약국,가좌진약국,02-372-7749,1930,900,1930,900,1930,900,1930,900,1930,900,1430,900,C1107449,37,12,4,37.56909805,126.9169247
"서울특별시 서대문구 세검정로1길 7 (홍은동)",강약국,강약국,02-396-9677,1900,900,1900,900,1900,900,1900,900,1900,900,1400,900,C1103011,36,15,5,37.59212454,126.942285
서울특별시 서대문구 응암로 53,거북당약국,거북당약국,02-372-0744,1900,1000,1900,1000,1900,1000,1900,1000,1900,1000,2000,900,C1102079,36,81,6,37.5782538,126.909824
"서울특별시 서대문구 가재울로6길 53-61, 1층 (남가좌동)",건강약국,02-373-4439,1830,900,1830,900,1830,900,1830,900,1830,900,1430,900,C1109267,36,92,7,37.57670344,126.9230531
"서울특별시 서대문구 성산로 494-30, 대우빌딩 1층 (대신동)",광장약국,02-364-5595,1900,850,1900,850,1900,850,1900,850,1900,850,1400,850,C1109384,37,65,8,37.56060858,126.9413767
"서울특별시 서대문구 성산로17길 5, (연희동)",광혜약국,02-362-6250,1900,900,1900,900,1900,900,1900,900,1900,900,1400,900,C1101196,37,26,9,37.56299859,126.9314055
"서울특별시 서대문구 신촌로35길 10, 1층 114호 (북아현동 e편한세상신촌4단지)",굴레방약국,02-6406-3500,1830,900,1830,900,1830,900,1830,900,1830,900,1400,900,C1107809,37,72,10,37.55864228,126.9559737
서울특별시 서초구 반포대로 287,3층한사랑약국,3층한사랑약국,02-592-5775,1830,900,1830,900,1830,900,1830,900,1830,900,1400,900,C1103983,65,47,1,37.50454858,127.0008792
"서울특별시 서초구 서초중앙로 125, 로이어즈타워 8층 803호 (서초동)",8층약국,02-582-8885,2000,900,2000,900,2000,900,2000,900,2000,900,1600,900,C1108671,66,44,2,37.49300947,127.0134188
"서울특별시 서초구 강남대로 465, 교보타워 B동 지상1층 (서초동)",가온약국,02-533-1884,2000,1000,2000,1000,2000,1000,2000,1000,2000,1000,1800,1000,C1108125,66,11,3,37.50375542,127.0241119
"서울특별시 서초구 방배로 174, 1층 (방배동 태창빌딩)",강남메디칼약국,02-594-0801,2000,830,2000,830,2000,830,2000,830,2000,830,1600,830,C1107642,65,86,4,37.489183,126.9930618
"서울특별시 서초구 효령로 12, 1층 (방배동)",강남사랑약국,02-523-9775,1830,830,1830,830,1830,830,1830,830,1830,830,1400,830,C1103022,66,98,5,37.47687106,126.9867274
"서울특별시 서초구 강남대로 463, 102호 (서초동 리젠타워)",강남약국,070-7755-2030,2100,900,2100,900,2100,900,2100,900,2100,900,1900,900,C1104119,66,11,6,37.50347063,127.0244556
"서울특별시 서초구 서초대로77길 9, 강남 누드죤빌딩 104호 (서초동)",강남엘약국,02-533-7737,2000,1000,2000,1000,2000,1000,2000,1000,2100,1000,1800,930,C1109069,66,15,7,37.49858942,127.0262133
서울특별시 서초구 서초대로 307  (서초동),교대역 3번 출구 인근,건강과행복이열리는약국,02-591-3399,2100,900,2100,900,2100,900,2100,900,2100,900,2100,900,C1103009,66,6,8,37.49440447,127.0151303
"서울특별시 서초구 바우뫼로 23, 101호 (우면동 선일상가)",고명약국,02-2057-3448,2030,900,2030,900,2030,900,2030,900,2030,900,2000,900,C1101928,67,62,9,37.47039626,127.0252271
"서울특별시 서초구 신반포로 194, 서울고속버스터미널 본관동1층 쇼케이스1호 (반포동)",고속터미널약국,02-595-2260,2200,900,2200,900,2200,900,2200,900,2200,900,2200,900,C1108687,65,45,10,37.50643574,127.0068344
서울특별시 성동구 무수막길 97  (금호동2가),21세기메디칼약국,21세기메디칼약국,02-2252-6626,2100,830,2100,830,2100,830,2100,830,2100,830,2100,830,C1102117,47,26,1,37.55433845,127.0198548
"서울특별시 성동구 왕십리로 320-1, 1층 (도선동)",건강한약국,02-2231-8803,2000,800,2000,800,2000,800,2000,800,2000,800,1700,800,C1107707,47,9,2,37.56232161,127.034186
"서울특별시 성동구 아차산로 92, 광명타워 1층 (성수동2가)",건국약국,02-549-5011,1930,900,1930,900,1930,900,1930,900,1930,900,1400,900,C1107545,47,82,3,37.54475185,127.054243
"서울특별시 성동구 성덕정길 105, (성수동2가)",공중약국,02-3409-2755,2000,900,2000,900,2000,900,2000,900,2000,900,1600,900,C1102026,47,76,4,37.53745695,127.0551113
서울특별시 성동구 독서당로 288-1 (금호동4가),국제약국,국제약국,02-2294-3833,1815,900,1815,900,1815,900,1815,900,1815,900,1500,900,C1101818,47,37,5,37.54777173,127.0212156
"서울특별시 성동구 독서당로 302, 1층 (금호동4가)",금호프라자약국,02-2291-5450,2100,830,2100,830,2100,830,2100,830,2100,830,1800,930,C1109355,47,37,6,37.54761108,127.0227309
서울특별시 성동구 독서당로 173,극동그린상가101-2,기린약국,02-2299-8850,1930,830,1930,830,1930,830,1930,830,1930,830,1600,830,C1104445,47,32,7,37.54149982,127.0109584
"서울특별시 성동구 금호로 94, 금호힐오피스텔 2층 201호 (금호동1가)",나무약국,070-8820-2990,1930,900,1930,900,1930,900,1930,900,1930,900,1430,900,C1100028,47,18,8,37.55166451,127.0257031
"서울특별시 성동구 왕십리로 410, D동 비103호 (하왕십리동 센트라스)",늘푸른약국,02-6015-0525,1900,900,1900,900,1900,900,1900,900,1900,900,1500,900,C1108487,47,1,9,37.56659122,127.0240824
서울특별시 성동구 장터1길 2 (금호동3가),다나을약국,다나을약국,02-2231-1703,2030,900,2030,900,2030,900,2030,900,2030,900,1800,900,C1104197,47,24,10,37.54867703,127.0169428
서울특별시 성북구 고려대로 80 (안암동5가),21세기고려약국,21세기고려약국,02-929-9696,1830,930,1830,930,1830,930,1830,930,1830,930,1230,930,C1104797,28,55,1,37.58611667,127.02816
"서울특별시 성북구 동소문로 321, 1층 (길음동)",365약국,02-985-1365,2030,900,2030,900,2030,900,2030,900,2030,900,2030,900,C1107010,27,29,2,37.60863032,127.0294596
"서울특별시 성북구 동소문로 34, 1층 (동소문동3가 연진빌딩)",W스토어참좋은약국,02-921-1255,2000,800,2000,800,2000,800,2000,800,2000,800,1700,800,C1104800,28,60,3,37.58982089,127.0098778
서울특별시 성북구 보문로 44 (보문동7가),2014.03 개업,가까운약국,02-3291-5354,2030,900,2030,900,2030,900,2030,900,2030,900,2030,900,C1106984,28,59,4,37.57953698,127.0227688
"서울특별시 성북구 고려대로13길 8, 1층 (안암동2가)",가까운행복약국,02-928-4545,1800,800,1800,800,1800,800,1800,800,1800,800,1300,800,C1107746,28,43,5,37.58699702,127.0236768
"서울특별시 성북구 오패산로3길 158, 1층 (하월곡동)",가정약국,02-6082-3979,2000,830,2000,830,2000,830,2000,830,2000,830,2000,830,C1108876,27,37,6,37.60992556,127.0329367
서울특별시 성북구 아리랑로 117-7 (정릉동),강원약국,강원약국,02-914-8814,2030,900,2030,900,2030,900,2030,900,2030,900,2030,900,C1104643,28,20,7,37.60248852,127.0130096
서울특별시 성북구 장월로 128 (장위동),개미약국,개미약국,02-915-7770,1900,840,1900,840,1900,840,1900,840,1900,840,1500,840,C1101995,27,66,8,37.61680455,127.0496106
서울특별시 성북구 동소문로 71 (동소문동6가),건강약국,건강약국,02-935-7971,2000,900,2000,900,2000,900,2000,900,2000,900,1800,900,C1102968,28,30,9,37.59208386,127.0131889
"서울특별시 성북구 동소문로42길 14, 1층 (하월곡동)",건강한약국,02-916-6445,2000,900,2000,900,2000,900,2000,900,2000,900,2000,900,C1103554,27,34,10,37.60572594,127.0277824
"서울특별시 송파구 오금로 20, 잠실나루역 1층 002호 (신천동)",2호선아산나나약국,02-417-3222,1830,830,1830,830,1830,830,1830,830,1830,830,1830,830,C1109202,55,4,1,37.52068673,127.1038111
"서울특별시 송파구 양재대로 1222, 올림픽프라자 23-1 23호 (방이동)",3층메디칼약국,02-401-7657,2000,830,2000,830,2000,830,2000,830,2000,830,1800,830,C1107277,56,48,2,37.5157262,127.1310621
서울특별시 송파구 올림픽로35길 124  (신천동),장미B상가 315호,3층하나약국,02-412-3358,1900,830,1900,830,1900,830,1900,830,1900,830,1500,900,C1103579,55,4,3,37.51784437,127.1018054
서울특별시 송파구 토성로 16 (풍납동),가가호호조은약국,가가호호조은약국,02-3784-8500,1830,900,1830,900,1830,900,1830,900,1830,900,1830,900,C1104559,55,35,4,37.53083206,127.1121315
"서울특별시 송파구 토성로 18 1층, 지층 (풍납동)",가까운새서울약국,02-477-8205,1800,900,1800,900,1800,900,1800,900,1800,900,1830,900,C1108571,55,35,5,37.53082471,127.1122899
"서울특별시 송파구 강동대로 74, 잠실올림픽아이파크상가 1층 108호,가까운이화약국,02-489-4383,1830,900,1830,900,1830,900,1830,900,1830,900,1830,900,C1103201,55,6,6,37.52643969,127.1149305
"서울특별시 송파구 충민로 52, 가든파이브웍스 S동 307호 (문정동)",가든건강약국,02-2047-1140,2000,1000,2000,1000,2000,1000,2000,1000,2000,1000,1700,1000,C1107837,58,39,7,37.47771628,127.1227472
서울특별시 송파구 충민로 66  (문정동),가든파이브라이프관 1001,가든파이브약국,02-2157-0600,2100,900,2100,900,2100,900,2100,900,2200,900,2200,900,C1103692,58,38,8,37.47767754,127.1249641
"서울특별시 송파구 송파대로 286, 신흥빌딩 (가락동)",가락약국,02-449-8421,2100,900,2100,900,2100,900,2100,900,2100,900,1900,900,C1102133,57,11,9,37.49492756,127.1171846
"서울특별시 송파구 동남로 207, (가락동)",가락온누리약국,02-400-3332,1800,900,1800,900,1800,900,1800,900,1800,900,1700,900,C1100151,58,20,10,37.49607005,127.1309057
"서울특별시 양천구 월정로 50, 209호 (신월동 청솔아파트)",2층소망약국,02-2608-8096,1830,900,1830,900,1830,900,1830,900,1830,900,1300,900,C1102165,79,36,1,37.52423863,126.8422218
"서울특별시 양천구 등촌로 32, 목동태영프라자 102호 (목동)",365 새누리약국,02-2648-1858,2100,800,2100,800,2100,800,2100,800,2100,800,1900,800,C1103221,79,65,2,37.53288669,126.864165
"서울특별시 양천구 목동서로 349, 센트럴프라자 106호 (신정동)",가까운온누리약국,02-2650-8828,2100,900,2100,900,2100,900,2100,900,2100,900,2100,900,C1102849,80,95,3,37.5175308,126.8652179
"서울특별시 양천구 공항대로 564, 1층 5호 (목동)",가람약국,02-2658-3518,2030,900,2030,900,2030,900,2030,900,2030,900,1530,900,C1102134,79,47,4,37.54909446,126.86787
"서울특별시 양천구 목동동로 293, 현대41타워 1층 38호 (목동)",가온온누리약국,02-2061-1119,2030,930,2030,930,2030,930,2030,930,2030,930,1830,930,C1109253,79,97,5,37.52817831,126.875772
"서울특별시 양천구 목동중앙본로 128-2, 1층 (목동)",가정약국,02-2648-5110,2100,900,2100,900,2100,900,2100,900,2100,900,1800,900,C1102140,79,68,6,37.54670961,126.8720453
"서울특별시 양천구 화곡로 105, (신월동)",강약국,02-2698-3027,1800,900,1800,900,1800,900,1800,900,1800,900,1300,900,C1101992,79,3,7,37.54004927,126.8336038
서울특별시 양천구 곰달래로5길 30,"신월1동월정시장입구 은성상가 103-104호",건강약국,02-2697-0485,2030,900,2030,900,2030,900,2030,900,2030,900,2000,900,C1102054,79,22,8,37.53242836,126.8334625
서울특별시 양천구 오목로 350,오목교역 5번출구,건강온누리약국,02-2645-5538,1900,900,1900,900,1900,900,1900,900,1900,900,1600,900,C1104271,80,7,9,37.52414915,126.8762921
"서울특별시 양천구 지양로 22, 승원빌딩 1층 102호 (신월동)",건강한우리약국,02-2693-3137,1800,830,1800,830,1800,830,1800,830,1800,830,1800,830,C1102037,80,41,10,37.51874596,126.8373663
"서울특별시 은평구 통일로 856, 메트로타워 2층 2101~2103호 (불광동)",2층종로약국,02-525-5603,2000,900,2000,900,2000,900,2000,900,2000,900,1400,900,C1109266,72,23,1,37.61962267,126.9215229
"서울특별시 은평구 통일로 739, 1층 (대조동)",365구생약국,02-353-1144,2200,900,2200,900,2200,900,2200,900,2200,900,2200,900,C1108864,73,2,2,37.6112522,126.9287343
"서울특별시 은평구 진관3로 11 1층 (진관동, 은평뉴타운 힐데스하임)",365미소약국,02-387-1123,2100,900,2100,900,2100,900,2100,900,2100,900,2100,900,C1107949,73,91,3,37.6394627,126.9182694
"서울특별시 은평구 통일로 738, 1층 3호 (불광동)",가까운약국,02-356-9813,2300,850,2200,850,2300,850,2200,850,2300,850,2200,850,C1109050,72,28,4,37.61141586,126.9294067
"서울특별시 은평구 통일로 1031, 101호 (진관동)",가까운우리약국,02-355-6637,1800,830,1800,830,1800,830,1800,830,1800,830,1300,830,C1109460,72,28,5,37.63463048,126.9166436
"서울특별시 은평구 서오릉로 46,녹번2차 현대아파트 201동 상가104호,가나약국,02-352-5088,1900,900,1900,900,1900,900,1900,900,1900,900,1300,900,C1104479,72,97,6,37.60493339,126.9244409
"서울특별시 은평구 통일로 1030, 은평헤스티아 1-2층 101-201호 (진관동)",가람약국,02-351-3200,1830,830,1830,830,1830,830,1830,830,1830,830,1300,830,C1108357,72,20,7,37.63419225,126.9176955
"서울특별시 은평구 통일로 1031, 1층 102호 (진관동)",가톨릭정문약국,02-389-9846,1830,830,1830,830,1830,830,1830,830,1830,830,1330,830,C1108317,150,895,8,37.63463228,126.9166433
"서울특별시 은평구 연서로 216, (대조동)",건강밝은약국,02-388-4253,1900,900,1900,900,1900,900,1900,900,1900,900,1600,900,C1104487,73,33,9,37.61780065,126.920119
"서울특별시 은평구 갈현로 300, 206호 (갈현동)",건강샘약국,02-356-6307,1830,900,1830,900,1830,900,1830,900,1830,900,1400,900,C1108360,72,75,10,37.62360836,126.9174214
"서울특별시 영등포구 양평로 24, (당산동6가)",100세약국,02-2678-8217,2100,830,2100,830,2100,830,2100,830,2100,830,1830,830,C1104565,72,23,1,37.53326667,126.9037278
서울특별시 영등포구 영등포로 232-1 ,21세기신천지약국,21세기신천지약국,02-2678-3222,2000,800,2000,800,2000,800,2000,800,2000,800,1900,900,C1104798,73,2,2,37.51927633,126.9071522
서울특별시 영등포구 여의대방로 177  (신길동),보라매역6번출구서울공고맞은편육교밑,21세기약국,02-2678-2854,2100,830,2100,830,2100,830,2100,830,2100,830,2100,830,C1103273,73,91,3,37.50290986,126.9211599
"서울특별시 영등포구 영중로 125, 롯데마트 1층 (영등포동8가)",365마트약국,02-2633-4865,2200,1000,2200,1000,2200,1000,2200,1000,2200,1000,2200,1000,C1109427,72,28,4,37.52781676,126.9046835
"서울특별시 영등포구 영중로 119, 리마크빌 영등포 2층 204-2호 (영등포동8가)",365열린약국,02-2633-2800,2300,900,2300,900,2300,900,2300,900,2300,900,2300,900,C1108120,72,28,5,37.52684678,126.9051743
"서울특별시 영등포구 당산로 34, 로데오 쇼핑몰 1층 (문래동3가)",가까운약국,02-2671-8231,2200,900,2200,900,2200,900,2200,900,2200,900,1700,900,C1108705,72,97,6,37.51746312,126.8964937
"서울특별시 영등포구 당산로 164 (당산동4가)",당산4가32-59박경웅의원1층,건강약국,02-2631-6396,2130,830,2130,830,2130,830,2130,830,2130,830,2130,830,C1102970,72,20,7,37.5290071,126.8983474
"서울특별시 영등포구 국제금융로 108 (여의도동,은하빌딩 1층)",건강한세상대한약국,02-786-1091,1900,900,1900,900,1900,900,1900,900,1900,900,1330,830,C1102923,150,895,8,37.51871387,126.933541
서울특별시 영등포구 여의대방로 383,경도빌딩 1층,경도약국,02-780-5004,1900,900,2000,900,1900,900,2000,900,1900,900,1400,900,C1102097,73,33,9,37.51934744,126.9315197
"서울특별시 영등포구 선유서로25길 5-1, (양평동2가)",경명약국,02-2634-1046,2000,700,2000,700,2000,700,2000,700,2000,700,2000,700,C1102085,72,75,10,37.52436387,126.8851632
"서울특별시 용산구 한강대로 69, 상가동 2층 222-2호 (한강로2가 용산푸르지오써밋)",2층써밋약국,02-797-8920,1900,900,1900,900,1900,900,1900,900,1900,900,1400,900,C1108226,43,78,1,37.52704181,126.9648934
"서울특별시 용산구 한강대로 69, 3층 305-1호 (한강로2가 용산푸르지오써밋)",3층 파란문 약국,02-796-9008,1500,1000,1500,1000,1500,1000,1500,1000,1500,1000,1530,1000,C1108026,43,78,2,37.52704181,126.9648934
"서울특별시 용산구 대사관로31길 7-10, 1층 (한남동)",가까운우리약국,02-749-6011,1830,830,1830,830,1830,830,1830,830,1830,830,1300,900,C1108971,44,1,3,37.5339502,127.0053863
서울특별시 용산구 대사관로 52  (한남동),가장큰태평양약국,가장큰태평양약국,02-790-3376,1830,900,1830,900,1830,900,1830,900,1830,900,1330,900,C1104678,44,2,4,37.53331794,127.003892
서울특별시 용산구 청파로 333 (청파동1가),소화아동병원에서숙대입구버스길중간지점,가정약국,02-713-6200,2100,900,2100,900,2100,900,2100,900,2100,900,2000,900,C1102141,43,4,5,37.54932668,126.9696947
"서울특별시 용산구 효창원로93길 2, (청파동2가)",건강한약국,02-3273-0750,2100,900,2100,900,2100,900,2100,900,2100,900,1700,900,C1102917,43,11,6,37.54855833,126.9632389
서울특별시 용산구 새창로14길 50 (용문동),"용문시장끝새마을금고바로옆",경인약국,02-715-6083,2200,800,2200,800,2200,800,2200,800,2200,800,2000,800,C1102088,43,56,7,37.53737542,126.9593783
서울특별시 용산구 만리재로 134,서울역과마포사이만리동고개,구온누리약국,02-702-7582,2100,830,2100,830,2100,830,2100,830,2100,830,1800,900,C1102006,43,5,8,37.55136866,126.9626286
서울특별시 용산구 한강대로 290-1,국제약국,국제약국,02-794-0705,2130,900,2130,900,2130,900,2130,900,2130,900,2100,900,C1104293,43,52,9,37.54420323,126.9725583
"서울특별시 용산구 후암로 47, 1층 (후암동)",굿윌정약국,02-757-6776,2030,900,2030,900,2030,900,2030,900,2030,900,1800,900,C1102635,43,32,10,37.55000411,126.9771724
"서울특별시 중구 서소문로 116, 유원빌딩 1304호 (서소문동)",13층약국,070-7718-1316,1830,900,1830,900,1830,900,1830,900,1830,900,1830,900,C1108718,45,13,1,37.56273167,126.9740074
"서울특별시 중구 다산로11길 3, 약수JK빌딩 2층 (신당동)",2층바른약국,02-2233-6267,1900,900,1900,900,2000,900,1900,900,1900,900,1500,900,C1104110,45,98,2,37.55442979,127.0100361
"서울특별시 중구 서소문로 103, 배재빌딩 511호 (서소문동)",5층사랑약국,02-6933-5177,1900,830,1900,830,1900,830,1900,830,1900,830,1900,830,C1108001,45,16,3,37.56301536,126.9726681
서울특별시 중구 서소문로 12 ,(중림동),건강백세약국,02-392-7855,2200,900,2200,900,2200,900,2200,900,2200,900,1600,900,C1104109,45,3,4,37.55896051,126.9633396
서울특별시 중구 퇴계로 45 ,(남창동)",광주참약국,02-756-3609,2100,800,2500,800,2100,800,2500,800,2100,800,2100,800,C1102943,45,29,5,37.55803221,126.9783243
"서울특별시 중구 다산로27길 6-14, (신당동)",광진약국,02-2237-5296,2030,810,2030,810,2030,810,2030,810,2030,810,1800,810,C1102946,46,8,6,37.5599724,127.0132602
"서울특별시 중구 퇴계로 322, 정미식품 (광희동2가)",광희약국,02-2273-5555,2130,900,2130,900,2130,900,2130,900,2130,900,2130,900,C1103919,46,14,7,37.56402122,127.0074525
"서울특별시 중구 을지로41길 22, 1층 (을지로6가)",국민약국,02-2273-4466,1730,900,1730,900,1730,900,1730,900,1730,900,1300,900,C1102876,45,64,8,37.56707283,127.0063568
"서울특별시 중구 명동길 45, 1-2층 (명동1가)",굿약국,02-3789-3883,2030,1000,2030,1000,2030,1000,2030,1000,2030,1000,1530,1000,C1107425,45,34,9,37.56392216,126.9849055
"서울특별시 중구 세종대로7길 37, 지하1층 (순화동)",그린약국,02-755-7525,1930,900,1930,900,1930,900,1930,900,1930,900,1430,1000,C1101811,45,11,10,37.56076283,126.9725377
"서울특별시 종로구 송월길 99, 201동 1층 2146호 (홍파동 경희궁자이 2단지)",DMC 허준약국,02-302-1550,1900,930,1900,930,1900,930,1900,930,1900,930,1500,930,C1107447,31,65,1,37.57091964,126.9622964
"서울특별시 종로구 사직로8길 4, 301동 B127호 (사직동 광화문 풍림스페이스본)",가람약국,02-733-9303,2000,1000,2000,1000,2000,1000,2000,1000,2000,1000,2000,1000,C1109425,31,68,2,37.57467165,126.9684298
"서울특별시 종로구 혜화로 2, 1층 (혜화동)",건강약국,02-764-9918,1900,900,1900,900,1900,900,1900,900,1900,900,1300,900,C1102967,30,76,3,37.58608759,127.0008922
"서울특별시 종로구 새문안로 21 (평동)",5호선서대문역4번출구,건강한세상약국,02-733-7870,1800,900,1800,900,1800,900,1800,900,1800,900,1300,900,C1103227,31,81,4,37.56748611,126.9678583
서울특별시 종로구 평창문화로 35 (평창동),경일약국,경일약국,02-391-3469,2200,830,2200,830,2200,830,2200,830,2200,830,2200,830,C1103006,30,8,5,37.60507179,126.9653052
"서울특별시 종로구 송월길 99, 203동 2218호 (홍파동 경희궁자이 2단지)",경희궁햇살약국,02-733-3342,2030,900,1900,900,1900,900,2030,900,1900,900,1400,900,C1107791,31,65,6,37.57008777,126.9630717
"서울특별시 종로구 종로 228, 1층 (종로5가)",공생약국,02-2277-1366,2000,900,2000,900,2000,900,2000,900,2000,900,2000,900,C1103541,31,96,7,37.57070218,127.0030744
"서울특별시 종로구 청계천로 49, (관철동)",광교약국,02-734-4690,2130,900,2130,900,2130,900,2130,900,2130,900,1800,900,C1101974,31,89,8,37.5691531,126.9831341
"서울특별시 종로구 삼봉로 44, 1층 (청진동)",광화문123약국,02-723-0124,2100,900,2100,900,2100,900,2100,900,2100,900,1900,1000,C1108383,31,56,9,37.57239073,126.979674
"서울특별시 종로구 세종대로 159, 4층 (세종로)",광화문윤약국,02-720-1717,1900,900,1900,900,1900,900,1900,900,1900,900,1900,1000,C1107770,31,83,10,37.57060614,126.976342
"서울특별시 중랑구 면목로39길 8, 한성빌딩 (면목동)",365밝은약국,02-435-0365,2100,900,2100,900,2100,900,2100,900,2100,900,1700,900,C1102121,22,38,1,37.57976287,127.0871718
"서울특별시 중랑구 망우로 353 C동 309호 ,(상봉동 상봉프레미어스엠코)",3층엠코약국,02-434-7707,2000,930,2000,930,2000,930,2000,930,2000,930,1700,930,C1104787,20,87,2,37.59833435,127.0916234
"서울특별시 중랑구 봉우재로 39, (면목동)",가나안약국,02-434-9259,2230,900,2230,900,2230,900,2230,900,2230,900,2130,900,C1102128,21,28,3,37.59068056,127.0774917
"서울특별시 중랑구 신내로 135, 신내9단지아파트 제상가1동 1층 117호 (신내동)",건강약국,02-3421-7582,1830,900,1830,900,1830,900,1830,900,1830,900,1830,900,C1103846,20,26,4,37.61138454,127.095848
"서울특별시 중랑구 동일로 786, 1층 (중화동)",건강제일온누리약국,02-491-1114,2000,900,2000,900,2000,900,2000,900,2000,900,1500,900,C1104829,20,88,5,37.60071782,127.079985
서울특별시 중랑구 면목로 421,면목역3번출구롯데리아쪽100M,건명약국,02-435-3900,2030,920,2500,920,2020,920,2020,920,1700,920,2500,2000,C1103441,21,46,6,37.58971536,127.0870467
"서울특별시 중랑구 상봉로 49, (면목동)",고려약국,02-433-6447,2100,900,2100,900,2100,900,2100,900,2100,900,1700,900,C1104648,21,62,7,37.59023611,127.0932889
"서울특별시 중랑구 공릉로2길 7, 구산빌딩 (묵동)",구산약국,02-974-4925,2130,930,2130,930,2130,930,2130,930,2130,930,2130,930,C1101902,20,34,8,37.61222632,127.0784106
"서울특별시 중랑구 봉화산로 194, 신아타운 1층 104호 (신내동)",국제약국,02-3423-0828,2100,900,2100,900,2100,900,2100,900,2100,900,2100,900,C1104015,20,76,9,37.60645164,127.09470921
"서울특별시 중랑구 겸재로 181, 1층 (면목동)",꽃길약국,02-2208-7746,2100,900,2100,900,2100,900,2100,900,2100,900,2100,900,C1109017,21,61,10,37.58865522,127.0877817
